{"cameraMode":{"drawMode":0,"name":"Shaded","section":"Shading Mode"},"sceneLighting":false,"audioPlay":false,"sceneViewState":{"showFog":true,"showMaterialUpdate":true,"showSkybox":true,"showFlares":true,"showImageEffects":true,"showParticleSystems":true},"in2DMode":false,"pivot":{"x":-2.113407611846924,"y":4.958579063415527,"z":-5.388470649719238},"rotation":{"x":0.007821706123650074,"y":-0.021321004256606103,"z":0.00016593495092820376,"w":0.9997420907020569},"size":9.472843170166016,"orthographic":false}