{"cameraMode":{"drawMode":0,"name":"Shaded","section":"Shading Mode"},"sceneLighting":true,"audioPlay":false,"sceneViewState":{"showFog":false,"showMaterialUpdate":false,"showSkybox":false,"showFlares":false,"showImageEffects":false,"showParticleSystems":false},"in2DMode":false,"pivot":{"x":0.16872596740722657,"y":-2.9036502838134767,"z":-9.525083541870118},"rotation":{"x":0.009937461465597153,"y":0.9774468541145325,"z":-0.2055881768465042,"w":0.04724877327680588},"size":17.75286102294922,"orthographic":false}